Imputation,Avg_KS
GAIN,0.06270512744924632
KNN,0.06449538647485407
MEAN,0.05382814496000629
