Accuracy_TSTR,F1_TSTR,Imputation
0.42081834797476564,0.31038043396360177,GAIN
0.45450346874201597,0.3192117924922313,KNN
0.41528604838551186,0.27927332161241436,MEAN
